"urls,"
"https://www.opendata.nhs.scot/dataset/84393984-14e9-4b0d-a797-b288db64d088/resource/d3eaaf84-0f3b-4fb8-9460-e33503095fbe/download/pitc202401.csv, "
"""https://www.opendata.nhs.scot/dataset/84393984-14e9-4b0d-a797-b288db64d088/resource/86fda652-0e1d-48bb-9368-aa2a560d925b/download/pitc202402.csv"","
"""https://www.opendata.nhs.scot/dataset/84393984-14e9-4b0d-a797-b288db64d088/resource/a42762ac-47cb-4fb6-b9b1-2478a588c0ed/download/pitc202403.csv"","
"""https://www.opendata.nhs.scot/dataset/84393984-14e9-4b0d-a797-b288db64d088/resource/409a02f2-b77c-47a0-917d-4a5a1c90f182/download/pitc202404.csv"","
" ""https://www.opendata.nhs.scot/dataset/84393984-14e9-4b0d-a797-b288db64d088/resource/5fbbd126-6166-4249-9620-7ed78e877297/download/pitc202405.csv"","
"""https://www.opendata.nhs.scot/dataset/84393984-14e9-4b0d-a797-b288db64d088/resource/95f7f250-bd04-4e4a-b853-5df75b00a632/download/pitc202406.csv"","
"""https://www.opendata.nhs.scot/dataset/84393984-14e9-4b0d-a797-b288db64d088/resource/1cb425fc-640c-4b37-9013-f8e97f274085/download/pitc202407.csv"","
"""https://www.opendata.nhs.scot/dataset/84393984-14e9-4b0d-a797-b288db64d088/resource/e4985a62-9d59-4e71-8800-3f7ca29ffe0c/download/pitc202408.csv"","
"""https://www.opendata.nhs.scot/dataset/84393984-14e9-4b0d-a797-b288db64d088/resource/d1fbede3-98c4-436e-9e75-2ed807a36075/download/pitc202409.csv"","
"""https://www.opendata.nhs.scot/dataset/84393984-14e9-4b0d-a797-b288db64d088/resource/0d27f6e8-5f8b-42c4-9fe9-c44389af2d3e/download/pitc202410.csv"","
"""https://www.opendata.nhs.scot/dataset/84393984-14e9-4b0d-a797-b288db64d088/resource/1b97dffc-310e-4a30-bf9c-22fddff3f499/download/pitc202411.csv"","
https://www.opendata.nhs.scot/dataset/84393984-14e9-4b0d-a797-b288db64d088/resource/e4380152-3d16-446b-9072-108e93cf5caa/download/pitc202412.csv